Feature,Importance
TinAIR,22.063364539926972
I,16.38397299150551
TinH2,15.098140643079043
J,14.644389402714708
DWAT,13.412412150022666
PoutAIR,9.727422925758686
ToutH2,8.67029734699242
