Feature,Importance
TinAIR,21.28534311366116
TinH2,16.65800574025002
I,16.47358962887071
DWAT,14.420723830940464
J,13.452197723557752
PoutAIR,9.263034692957667
ToutH2,8.447105269762215
