Metric,Value
MSE,6.085408364823498e-05
R2,0.9655082358367292
RMSE,0.007800902745723407
MAE,0.0037199173116883462
