Feature,Importance
DoutAIR,46.24074781940527
TinH2,11.935676368441591
DWAT,10.087547028026425
TinWAT,9.43430626815825
I,8.223180724237434
J,7.108356985635742
ToutH2,6.970184806095281
