Feature,Importance
DoutAIR,48.566459824775286
TinH2,12.587516490674147
DWAT,9.739117132271879
I,8.066238254501641
TinWAT,7.957808296713963
J,7.292136231101303
ToutH2,5.79072376996179
